Model,Accuracy,Precision,Recall,F1 Score,ROC-AUC
Logistic Regression,0.925,0.96875,0.9393939393939394,0.9538461538461539,0.8874458874458874
Random Forest,0.95,0.9428571428571428,1.0,0.9705882352941176,0.9134199134199135
Support Vector Machine,0.925,0.9411764705882353,0.9696969696969697,0.9552238805970149,0.8744588744588745
XGBoost,0.95,0.9428571428571428,1.0,0.9705882352941176,0.8701298701298701
